movieId,uri
247,take-shelter
277,drive-2011
278,killing-them-softly
279,21-jump-street
285,the-great-gatsby-2013
603,the-muppets
1086,the-girl-with-the-dragon-tattoo-2011
1739,the-woman-in-black-2012
1768,the-descendants
2682,primer
2683,eternal-sunshine-of-the-spotless-mind
2684,the-simpsons-movie
2685,unforgiven
2690,apocalypse-now
2694,kill-bill-vol-1
2695,pirates-of-the-caribbean-the-curse-of-the-black-pearl
2698,metropolis
2699,the-fifth-element
2701,dancer-in-the-dark
2702,citizen-kane
2703,american-beauty
2704,forrest-gump
2705,finding-nemo
2706,star-wars
3519,the-skin-i-live-in
4549,melancholia
4550,frankenweenie-2012
4551,dark-shadows
4553,monsters-university
4586,brave-2012
4948,rise-of-the-planet-of-the-apes
5355,super-8
5363,the-kings-speech
5717,the-thing-2011
5849,source-code
6166,ghostbusters
6286,moneyball
6345,a-separation
6538,kramer-vs-kramer
6599,looper
6699,kick-ass-2
6794,attack-the-block
6942,warrior
6945,midnight-in-paris
7211,mikey-and-nicky
7699,snow-white-and-the-huntsman
7712,sherlock-holmes-a-game-of-shadows
8084,fright-night-2011
8933,project-x-2012
8935,war-horse
8946,the-lone-ranger
8983,the-hobbit-the-desolation-of-smaug
8984,young-adult
9019,meeks-cutoff
9788,mission-impossible-ghost-protocol
10387,final-destination-5
10442,bridesmaids
10781,beginners
11908,star-trek-into-darkness
13439,bad-teacher
13972,limitless
14093,the-secret-world-of-arrietty
14285,horrible-bosses
14327,fast-five
14889,martha-marcy-may-marlene
15051,crazy-stupid-love
15076,the-twilight-saga-breaking-dawn-part-2
15077,the-twilight-saga-breaking-dawn-part-1
15143,just-go-with-it
15145,friends-with-benefits
15225,hanna
15620,the-help
15827,i-saw-the-devil
16074,x-men-first-class
16082,in-time
16083,john-carter
16091,man-of-steel
16093,the-croods
16095,tinker-tailor-soldier-spy
16164,kung-fu-panda-2
16525,the-hobbit-an-unexpected-journey
16527,dredd
16529,gravity-2013
16530,all-quiet-on-the-western-front-2022
16536,the-bourne-legacy
16550,the-dark-knight-rises
16555,submarine
16556,insidious
16559,cosmopolis
16560,cars-2
17217,certified-copy
17501,independence-day-resurgence
18447,daisies
18527,tucker-and-dale-vs-evil
18627,incendies
18660,blue-valentine
18920,the-loved-ones
19921,the-fighter-2010
19987,the-hangover-part-ii
20093,super-2010
20293,green-lantern
20307,rango
20374,hugo
20703,the-watermelon-woman
20908,true-grit-2010
20956,black-swan
21050,127-hours
21116,unstoppable-2010
21124,devil
21149,jeanne-dielman-23-quai-du-commerce-1080-bruxelles
21560,piranha-3d
21832,all-that-heaven-allows
22048,ghostbusters-2016
22119,f-for-fake
22878,never-let-me-go-2010
23321,due-date
23383,3-women
23586,scream-4
23593,saw-3d
23596,paranormal-activity-2
23602,tetsuo-the-iron-man
23857,men-in-black-3
24177,50-50
24179,the-green-hornet
24997,my-bloody-valentine
25079,the-kids-are-all-right
25156,contagion
25176,paul-2011
25320,boy-2010
25454,somewhere
25629,winters-bone
25650,sorcerer
25809,dogtooth
25859,tangled-2010
25911,bad-boys-for-life
26025,the-karate-kid-2010
26196,grown-ups
26205,transformers-dark-of-the-moon
26476,megamind
26711,the-social-network
26713,whisper-of-the-heart
26770,easy-a
26779,skyfall
27175,witness-for-the-prosecution-1957
27183,the-graduate
27256,the-truman-show
27284,the-naked-gun-from-the-files-of-police-squad
27285,tarzan
27322,falling-down
27450,true-lies
27552,a-new-leaf
27698,the-rocky-horror-picture-show
27712,die-another-day
27713,x-men-the-last-stand
27722,x2
27723,x-men
27730,blade
27733,the-world-is-not-enough
27781,blade-ii
27809,casino-royale-2006
28195,cure
28417,resident-evil-afterlife
28888,predators
29035,a-single-man
29041,enter-the-void
29078,the-neverending-story
29947,diary-of-a-wimpy-kid
30264,percy-jackson-the-olympians-the-lightning-thief
30274,safe
30899,the-devils
31194,eyes-without-a-face
31355,paris-is-burning
31985,the-texas-chain-saw-massacre
32345,taste-of-cherry
32347,mother-2009
32348,close-up
32502,a-woman-under-the-influence
32623,tenebre
32862,rabid
33086,phenomena
33211,mccabe-mrs-miller
33256,the-brood
33257,chopping-mall
33869,a-matter-of-life-and-death
33965,blood-and-black-lace
34017,shes-gotta-have-it
34050,cruising
34346,black-sunday-1960
34394,the-other-guys
34395,the-expendables
34487,the-slumber-party-massacre
34532,shivers
34576,lake-mungo
34615,phantom-of-the-paradise
34618,pulse-2001
34722,inception
34829,mishima-a-life-in-four-chapters
34848,meshes-of-the-afternoon
35307,triangle-2009
35411,man-with-a-movie-camera
35639,the-house-of-the-devil
35925,house
35988,yi-yi
36010,cat-people
36117,ace-in-the-hole
36124,irma-vep
36192,come-and-see
36222,the-last-picture-show
36501,julie-julia
36594,an-education
36749,fish-tank
36778,the-avengers-2012
36917,mary-and-max
36984,halloween-ii
37004,stop-making-sense
37088,the-twilight-saga-eclipse
37180,paranormal-activity
37276,sucker-punch
37354,kick-ass
37369,a-nightmare-on-elm-street-2010
37483,trick-r-treat
37503,the-town
37598,the-cabin-in-the-woods
37609,up-in-the-air
37648,the-blind-side
37687,saw-vi
37692,whip-it
37696,cloudy-with-a-chance-of-meatballs
37801,safety-last
37833,scott-pilgrim-vs-the-world
37835,thirst-2009
37970,sisters
37973,polytechnique
38001,society
38035,ms-45
38239,shadow-of-a-doubt
38374,possession
38397,naked
38544,orphan
38800,but-im-a-cheerleader
38894,seconds
38957,tron-legacy
39054,detour
39067,despicable-me
39072,the-bird-with-the-crystal-plumage
39082,the-shop-around-the-corner
39219,deep-red
39226,opera
39304,avatar
39305,jennifers-body
39350,500-days-of-summer
39351,the-final-destination
39352,zombieland
39579,the-red-shoes
39611,nine-to-five
39779,the-beyond
40100,the-hangover
40276,bronson
40316,bruno
40411,night-at-the-museum-battle-of-the-smithsonian
40424,happy-together-1997
40479,the-proposal-2009
40480,the-twilight-saga-new-moon
40554,tokyo-story
40653,a-christmas-carol-2009
40760,assault-on-precinct-13
40860,district-9
40892,antichrist
40915,the-adventures-of-tintin
40988,the-room
41012,moon
41235,in-a-lonely-place
41276,17-again
41305,black-christmas
41351,drag-me-to-hell
41352,inglourious-basterds
41360,kikis-delivery-service
41361,all-that-jazz
41461,days-of-heaven
41477,adventureland
41512,i-love-you-man
41519,where-the-wild-things-are
41588,inferno-1980
41591,black-narcissus
41608,the-innocents
41640,the-texas-chainsaw-massacre-2
41662,the-wicker-man
41663,fantastic-planet
41672,killer-klowns-from-outer-space
41675,jackass-3d
41682,creepshow
41838,carnival-of-souls
42043,house-on-haunted-hill
42048,the-mummy
42101,a-goofy-movie
42311,the-last-house-on-the-left
42315,monsters-vs-aliens
42425,role-models
42531,clue
42565,sixteen-candles
42580,the-sound-of-music
42711,batman-mask-of-the-phantasm
42779,coraline
42942,beau-travail
42983,the-boy-in-the-striped-pyjamas
42994,paul-blart-mall-cop
43015,harakiri
43151,doubt
43272,the-adventures-of-sharkboy-and-lavagirl
43301,2012
43302,up
43399,demons
43517,sweeney-todd-the-demon-barber-of-fleet-street-2007
43569,repo-man
43582,fast-furious
43601,best-in-show
43680,bottle-rocket-1996
43698,the-wolf-man-1941
43713,high-school-musical-2
43751,labyrinth
43778,sleepaway-camp
43810,empire-records
43860,star-trek
43921,tokyo-godfathers
43940,how-the-grinch-stole-christmas
43969,fast-times-at-ridgemont-high
43989,let-the-right-one-in
44042,gran-torino
44048,friday-the-13th-2009
44066,a-charlie-brown-christmas
44070,watchmen
44123,the-people-under-the-stairs
44189,bolt
44320,autumn-sonata
44416,broadcast-news
44466,a-serious-man
44542,high-and-low
44558,grave-of-the-fireflies
44580,harry-potter-and-the-deathly-hallows-part-2
44581,harry-potter-and-the-deathly-hallows-part-1
44594,ponyo
44613,slumdog-millionaire
44637,spy-kids-3-d-game-over
44653,the-hills-have-eyes
44681,one-hundred-and-one-dalmatians
44740,the-wrestler
44741,the-hurt-locker
44748,alice-in-wonderland-2010
44750,white-chicks
44759,bad-lieutenant
44768,step-brothers
44795,the-quick-and-the-dead-1995
44806,jackass-number-two
44808,alice-in-wonderland-1951
44831,caddyshack
44834,the-burbs
44838,hercules-1997
44873,the-hudsucker-proxy
44875,bride-of-chucky
44889,saw-v
44900,suspiria
44919,high-school-musical-3-senior-year
44920,robin-hood
44924,near-dark
44925,yojimbo
44930,the-color-of-money
44952,invasion-of-the-body-snatchers-1978
44965,the-spongebob-squarepants-movie
44970,tampopo
44974,sexy-beast
45001,fright-night
45013,hard-boiled
45017,the-deer-hunter
45021,lemony-snickets-a-series-of-unfortunate-events
45023,the-haunting
45065,the-emperors-new-groove
45078,halloween-h20-20-years-later
45079,101-dalmatians
45088,get-smart
45093,following
45098,cronos
45099,the-hunger
45108,ran
45109,blow-out
45120,mamma-mia
45130,porco-rosso
45132,flushed-away
45154,new-nightmare
45158,serial-mom
45163,the-exorcist-iii
45199,invasion-of-the-body-snatchers
45203,rushmore
45204,lilo-stitch
45224,thief
45226,pretty-in-pink
45241,body-double
45263,repulsion
45270,the-warriors
45273,jason-x
45282,red-eye
45283,sky-high-2005
45288,manhunter
45300,halloween-resurrection
45312,memories-of-murder
45334,the-new-world
45337,not-another-teen-movie
45339,the-santa-clause
45366,blood-simple
45373,halloween-5-the-revenge-of-michael-myers
45374,dumbo
45377,halloween-4-the-return-of-michael-myers
45398,the-dead-zone
45409,shutter-island
45411,public-enemies-2009
45433,something-wild
45435,the-howling
45440,paper-moon
45444,a-league-of-their-own
45447,freddys-dead-the-final-nightmare
45450,halloween-ii-1981
45459,hellboy-ii-the-golden-army
45460,psycho-1998
45462,seed-of-chucky
45485,cinderella
45489,fallen-angels
45493,cinema-paradiso
45522,childs-play-3
45523,childs-play-2
45532,the-muppet-movie
45537,mysterious-skin
45541,peeping-tom
45602,chungking-express
45628,audition
45631,blazing-saddles
45652,the-last-temptation-of-christ
45667,the-notebook
45670,dressed-to-kill-1980
45672,this-is-spinal-tap
45679,scooby-doo-2-monsters-unleashed
45683,picnic-at-hanging-rock
45686,billy-madison
45689,secretary
45693,saturday-night-fever
45699,the-wedding-singer
45702,the-birdcage
45703,commando
45704,fatal-attraction
45714,halloween-the-curse-of-michael-myers
45727,creature-from-the-black-lagoon
45746,the-fox-and-the-hound
45747,high-school-musical
45768,the-return-of-the-living-dead
45797,pinocchio
45803,sleeping-beauty
45820,atlantis-the-lost-empire
45842,after-hours
45855,matilda
45861,children-of-the-corn
45882,showgirls
45897,the-invisible-man
45900,cabaret
45906,the-man-who-wasnt-there-2001
45907,little-shop-of-horrors
45909,network
45918,quantum-of-solace
45941,birth-2004
45959,elf
45971,the-squid-and-the-whale
45983,peter-pan
45984,henry-portrait-of-a-serial-killer
45993,happiness
45994,walle
45999,halloween-iii-season-of-the-witch
46001,mulan
46006,deliverance
46010,the-strangers
46041,in-the-heat-of-the-night
46049,mean-girls
46084,the-cat-in-the-hat-2003
46087,childs-play
46096,psycho-ii
46117,shark-tale
46127,the-hunchback-of-notre-dame-1996
46133,james-and-the-giant-peach
46142,pocahontas
46144,sherlock-holmes-2009
46145,madagascar-escape-2-africa
46157,castle-in-the-sky
46175,perfect-blue
46179,drop-dead-gorgeous
46229,hocus-pocus
46231,the-muppet-christmas-carol
46232,the-age-of-innocence
46263,the-player
46280,the-iron-giant
46288,my-cousin-vinny
46304,hunger
46321,lady-and-the-tramp
46330,night-of-the-living-dead
46331,freaky-friday-2003
46343,the-ides-of-march
46344,fantastic-mr-fox
46345,shes-all-that
46371,jason-goes-to-hell-the-final-friday
46372,friday-the-13th-part-viii-jason-takes-manhattan
46374,friday-the-13th-part-vii-the-new-blood
46411,what-ever-happened-to-baby-jane
46414,cries-and-whispers
46418,funny-games
46424,playtime
46426,friday-the-13th-part-vi-jason-lives
46450,yes-man
46453,the-princess-and-the-frog
46455,the-last-airbender
46456,thor
46458,toy-story-3
46459,shrek-forever-after
46460,how-to-train-your-dragon
46462,pineapple-express
46483,the-witches
46489,a-nightmare-on-elm-street-the-dream-child
46502,bad-santa
46505,the-little-mermaid
46510,milk-2008
46511,iron-man-2
46512,stuart-little
46518,a-nightmare-on-elm-street-4-the-dream-master
46537,the-aristocats
46549,the-kid
46551,13-going-on-30
46572,hot-rod
46574,a-nightmare-on-elm-street-3-dream-warriors
46580,house-of-wax-2005
46585,escape-from-la
46590,spy-kids
46622,beauty-and-the-beast-1991
46628,a-nightmare-on-elm-street-part-2-freddys-revenge
46633,brother-bear
46658,chicken-little-2005
46682,blades-of-glory
46706,robots
46715,how-to-lose-a-guy-in-10-days
46729,shallow-grave
46740,the-cable-guy
46753,the-princess-diaries
46756,urban-legend
46762,ginger-snaps
46763,forgetting-sarah-marshall
46769,to-live-and-die-in-la
46778,the-prince-of-egypt
46779,happy-feet
46794,the-parent-trap-1998
46806,the-incredibles
46810,the-rock
46812,philadelphia
46813,the-fast-and-the-furious-2001
46820,the-hills-have-eyes-2006
46838,air-force-one
46866,unbreakable
46867,hannibal
46869,fantastic-four-2005
46870,bad-boys-1995
46876,friday-the-13th-a-new-beginning
46877,friday-the-13th-the-final-chapter
46879,friday-the-13th-part-iii
46882,friday-the-13th-part-2
46887,talladega-nights-the-ballad-of-ricky-bobby
46907,lady-in-the-water
46911,children-of-men
46929,sideways
46942,mad-max
46946,shes-the-man
46954,scrooged
46963,phantasm
46964,scooby-doo
46986,the-fast-and-the-furious-tokyo-drift
46987,happy-gilmore
46990,romy-and-micheles-high-school-reunion
46998,clueless
46999,coming-to-america
47002,the-blob-1988
47003,babe
47008,last-action-hero
47014,little-women-1994
47025,tootsie
47029,dazed-and-confused
47042,king-of-new-york
47044,darkman
47048,the-exorcist
47060,dead-ringers
47061,martyrs
47062,scanners
47067,red-dragon
47068,final-destination
47071,candyman
47078,wedding-crashers
47091,man-on-fire-2004
47096,glengarry-glen-ross
47098,kung-fu-panda
47104,the-crow
47109,youve-got-mail
47110,spy-kids-2-the-island-of-lost-dreams
47111,a-bugs-life
47118,daredevil
47119,the-nightmare-before-christmas
47125,south-park-bigger-longer-uncut
47126,dodgeball-a-true-underdog-story
47127,charlies-angels-full-throttle
47133,buffalo-66
47136,enter-the-dragon
47146,election
47153,anastasia-1997
47169,the-royal-tenenbaums
47171,the-fly-1986
47198,zoolander
47204,the-descent
47206,jerry-maguire
47213,hollow-man
47219,ferris-buellers-day-off
47221,death-becomes-her
47222,the-texas-chainsaw-massacre
47233,tremors
47234,the-last-of-the-mohicans-1992
47235,anaconda
47237,final-destination-2
47240,mad-max-beyond-thunderdome
47241,honey-i-shrunk-the-kids
47248,risky-business
47254,the-goonies
47255,click
47269,the-jungle-book
47270,ghost-in-the-shell
47281,mortal-kombat
47289,bound
47295,monster-house
47306,final-destination-3
47313,jingle-all-the-way
47315,the-sting
47316,the-faculty
47322,brick
47345,the-craft
47366,the-sword-in-the-stone
47380,hellbound-hellraiser-ii
47388,police-story
47403,serpico
47408,slither
47411,big-daddy
47426,treasure-planet
47429,midnight-run
47430,jackass-the-movie
47434,the-insider
47438,hellraiser
47468,the-tree-of-life-2011
47469,twilight-2008
47473,bad-boys-ii
47474,hancock
47486,wendy-and-lucy
47506,jeepers-creepers
47508,garfield
47511,antz
47513,deep-blue-sea
47514,pet-sematary
47516,wanted-2008
47552,waynes-world
47553,how-the-grinch-stole-christmas-2000
47569,prince-of-darkness
47570,the-blob
47577,jumanji
47582,casper
47586,legally-blonde
47599,mad-max-2
47615,christine-1983
47627,the-thin-red-line
47628,the-vanishing
47637,anchorman-the-legend-of-ron-burgundy
47647,snake-eyes
47648,taken
47664,bringing-out-the-dead
47668,the-happening
47671,master-and-commander-the-far-side-of-the-world
47677,the-lion-king
47705,dumb-and-dumber
47710,funny-games-2007
47747,event-horizon
47751,day-of-the-dead
47756,my-neighbor-totoro
47769,transformers-revenge-of-the-fallen
47776,superbad
47778,cast-away
47781,ice-age-dawn-of-the-dinosaurs
47798,they-live
47803,rec
47805,the-holy-mountain
47806,holes
47809,in-bruges
47835,disturbia
47867,napoleon-dynamite
47887,alien-resurrection
47888,alien-3
47913,hard-eight
47914,punch-drunk-love
47942,the-lovely-bones
47979,resident-evil-extinction
47987,deja-vu
47994,over-the-hedge
48000,idiocracy
48018,speed-racer
48030,tropic-thunder
48033,chicken-run
48044,there-will-be-blood
48049,carrie-1976
48051,juno
48106,cloverfield
48139,big-trouble-in-little-china
48140,no-country-for-old-men
48160,the-40-year-old-virgin
48165,whats-up-doc-1972
48167,the-village
48189,zathura-a-space-adventure
48220,national-treasure-book-of-secrets
48234,lars-and-the-real-girl
48253,walk-hard-the-dewey-cox-story
48296,i-am-legend
48298,alvin-and-the-chipmunks
48308,freddy-vs-jason
48322,practical-magic
48329,nosferatu-the-vampyre
48454,bram-stokers-dracula
48473,carlitos-way
48478,the-witches-of-eastwick
48532,the-umbrellas-of-cherbourg
48571,into-the-wild
48602,the-mist
48638,national-lampoons-christmas-vacation
48729,pee-wees-big-adventure
48791,bee-movie
48797,robocop
48800,hiroshima-mon-amour
48817,le-samourai
48823,the-fugitive-1993
48865,salo-or-the-120-days-of-sodom
48883,the-polar-express
48894,kiss-kiss-bang-bang-2005
48918,310-to-yuma-2007
48930,bicycle-thieves
48992,vicky-cristina-barcelona
49007,boogie-nights
49023,paprika-2006
49035,knocked-up
49039,synecdoche-new-york
49047,10-things-i-hate-about-you
49054,burn-after-reading
49062,howls-moving-castle
49075,the-curious-case-of-benjamin-button
49124,ghost-dog-the-way-of-the-samurai
49129,charade
49148,gone-baby-gone
49169,southland-tales
49184,sympathy-for-mr-vengeance
49210,hot-fuzz
49228,the-discreet-charm-of-the-bourgeoisie
49241,michael-clayton
49254,the-machinist
49255,a-tale-of-two-sisters
49257,lady-vengeance
49259,panic-room
49268,the-darjeeling-limited
49280,enchanted
49288,the-assassination-of-jesse-james-by-the-coward-robert-ford
49299,friday-the-13th
49390,pride-prejudice
49391,atonement
49396,charlies-angels
49434,scary-movie-3
49442,scary-movie-2
49443,scary-movie-2000
49453,scream-3
49454,scream-2
49455,scream
49468,women-on-the-verge-of-a-nervous-breakdown
49496,revolutionary-road
49497,road-to-perdition
49530,beetlejuice
49531,team-america-world-police
49568,corpse-bride
49595,ikiru
49597,throne-of-blood
49601,onibaba
49638,i-know-what-you-did-last-summer
49671,girl-interrupted
49710,a-scanner-darkly
49810,battle-royale
49811,barry-lyndon
49816,bambi
49844,badlands
49846,gangs-of-new-york-2002
49852,nashville
49856,midnight-cowboy
49858,the-searchers
49860,the-night-of-the-hunter
49881,the-treasure-of-the-sierra-madre
49886,his-girl-friday
49888,mr-smith-goes-to-washington
49889,modern-times
49893,it-happened-one-night
49908,duck-soup-1933
49922,ace-ventura-pet-detective
49930,frankenstein-1931
49931,young-frankenstein
49944,1408
49981,ghostbusters-ii
49983,hairspray-2007
50017,the-addams-family
50025,as-good-as-it-gets
50059,identity
50090,pierrot-le-fou
50102,an-american-in-paris
50111,addams-family-values
50112,adaptation
50113,the-abyss
50124,naked-lunch
50152,signs
50155,ringu
50156,it-1990
50158,sleepy-hollow
50159,the-blair-witch-project
50162,house-of-1000-corpses
50164,pleasantville
50166,in-the-mouth-of-madness
50167,hard-candy
50168,the-game
50177,heathers
50193,planes-trains-and-automobiles
50207,the-aviator
50223,the-bourne-ultimatum
50224,the-bourne-supremacy
50225,the-bourne-identity-2002
50226,the-princess-bride
50228,lady-snowblood
50242,the-chronicles-of-narnia-prince-caspian
50258,the-young-girls-of-rochefort
50349,space-jam
50356,mallrats
50357,clerks
50358,jacobs-ladder
50361,closer
50368,big
50372,stardust-2007
50387,chasing-amy
50390,eastern-promises
50465,wet-hot-american-summer
50509,la-confidential
50517,rush-hour
50518,the-breakfast-club
50521,american-pie
50543,halloween
50544,x-men-origins-wolverine
50558,ratatouille
50561,national-treasure
50568,i-robot
50575,moonstruck
50580,training-day
50586,say-anything
50602,persepolis
50612,aguirre-the-wrath-of-god
50617,lara-croft-tomb-raider
50620,planet-terror
50621,death-proof
50631,fantastic-four-rise-of-the-silver-surfer
50638,the-grudge
50653,the-elephant-man
50654,the-butterfly-effect
50659,zodiac
50660,crank
50662,existenz
50669,laura
50674,shakespeare-in-love
50675,the-others
50677,the-amazing-spider-man
50678,hulk
50681,superman
50682,twin-peaks-fire-walk-with-me
50702,vanilla-sky
50709,star-wars-episode-iii-revenge-of-the-sith
50710,star-wars-episode-ii-attack-of-the-clones
50711,star-wars-episode-i-the-phantom-menace
50712,return-of-the-jedi
50713,the-empire-strikes-back
50717,marie-antoinette-2006
50718,the-karate-kid
50720,malcolm-x-1992
50725,fear-and-loathing-in-las-vegas
50735,pirates-of-the-caribbean-on-stranger-tides
50742,transformers
50752,the-long-goodbye
50767,dogma
50773,50-first-dates
50776,phone-booth
50780,the-devils-advocate
50786,elephant-2003
50791,the-piano-teacher
50794,footloose
50809,captain-america-the-first-avenger
50818,the-mummy-returns
50822,inland-empire
50825,iron-man-2008
50826,west-side-story
50827,the-incredible-hulk
50845,con-air
50846,misery
50850,the-devils-rejects
50851,re-animator
50854,hostel
50866,godzilla
50893,bill-teds-bogus-journey
50894,bill-teds-excellent-adventure
50902,crash-2004
50904,speed
50915,vivre-sa-vie
50916,liar-liar
50919,trading-places
50934,the-double-life-of-veronique
50936,cape-fear-1991
50937,meet-the-parents
50941,night-at-the-museum
50942,primal-fear
50946,bring-it-on
50947,whats-eating-gilbert-grape
50949,its-a-wonderful-life
50950,school-of-rock
50953,the-holiday
50954,rope
50956,raging-bull
50957,resident-evil-apocalypse
50958,resident-evil
50960,chicago
50961,die-hard-2
50962,die-hard-with-a-vengeance
50963,live-free-or-die-hard
50972,28-weeks-later
50986,ghost-world
50987,the-lost-boys
50991,office-space
50992,thelma-louise
50995,collateral
51001,teenage-mutant-ninja-turtles
51006,miss-congeniality
51012,hellboy
51018,touch-of-evil
51020,superman-returns
51024,the-virgin-suicides
51034,the-devils-backbone
51036,25th-hour
51042,the-departed
51047,pans-labyrinth
51052,sex-lies-and-videotape
51061,the-pursuit-of-happyness
51062,stalker
51064,mirror
51068,y-tu-mama-tambien
51070,out-of-sight
51075,the-fountain
51082,rocky-iv
51084,blood-diamond
51085,rocky-iii
51088,first-blood
51089,rocky-ii
51090,rocky
51097,american-psycho
51110,sunshine-2007
51111,300
51115,meet-the-robinsons
51117,bridge-to-terabithia
51120,stranger-than-fiction-2006
51125,the-host
51130,ghost-rider
51134,rocky-balboa
51138,the-talented-mr-ripley
51140,babel-2006
51147,the-prestige
51152,escape-from-new-york
51154,the-third-man
51155,the-thing
51157,point-break
51163,blow-up
51164,the-french-connection
51171,mulholland-drive
51173,double-indemnity
51174,stagecoach
51177,sherlock-jr
51184,eraserhead
51185,dirty-harry
51188,the-philadelphia-story
51190,irreversible
51193,sweet-smell-of-success
51194,paths-of-glory
51195,dog-day-afternoon
51196,spartacus
51200,the-maltese-falcon-1941
51201,the-gold-rush
51202,the-general
51203,spaceballs
51204,mission-impossible-iii
51205,mission-impossible-ii
51206,mission-impossible
51207,madagascar
51212,lethal-weapon
51213,the-lady-vanishes
51215,for-a-few-dollars-more
51218,dr-strangelove-or-how-i-learned-to-stop-worrying-and-love-the-bomb
51222,dont-look-now
51224,godzilla-1998
51225,gremlins-2-the-new-batch
51226,gremlins
51227,galaxy-quest
51228,do-the-right-thing
51229,dawn-of-the-dead-2004
51230,dawn-of-the-dead
51233,cars
51238,the-great-dictator
51242,the-big-sleep
51243,meet-me-in-st-louis
51249,cool-hand-luke
51251,city-lights
51252,bringing-up-baby
51261,all-the-presidents-men
51268,crash
51271,a-few-good-men
51273,hook
51280,singin-in-the-rain
51281,planet-of-the-apes
51283,planet-of-the-apes-2001
51287,the-running-man
51289,toy-story-2
51290,toy-story
51291,total-recall
51294,sleepless-in-seattle
51295,saving-private-ryan
51296,who-framed-roger-rabbit
51297,black-hawk-down
51298,the-mask-1994
51301,brief-encounter
51302,a-christmas-story-1983
51307,strangers-on-a-train
51308,2046
51309,in-the-mood-for-love
51311,dune
51312,close-encounters-of-the-third-kind
51313,duel
51314,american-graffiti
51315,videodrome
51320,m
51323,chinatown
51325,diabolique-1955
51326,the-bridge-on-the-river-kwai
51328,moulin-rouge-2001
51332,jfk
51334,austin-powers-in-goldmember
51335,austin-powers-the-spy-who-shagged-me
51336,austin-powers-international-man-of-mystery
51338,an-american-werewolf-in-london
51339,airplane
51340,aladdin
51342,shrek-the-third
51343,shrek-2
51344,shrek
51345,se7en
51347,rosemarys-baby
51348,roman-holiday
51350,lolita
51355,persona
51356,cruel-intentions
51358,the-omen
51359,blue-velvet
51360,platoon
51362,the-fog
51364,mrs-doubtfire
51365,mr-mrs-smith-2005
51366,almost-famous
51370,gattaca
51372,the-passion-of-joan-of-arc
51373,vampyr
51377,a-trip-to-the-moon
51379,little-miss-sunshine
51380,home-alone-2-lost-in-new-york
51381,home-alone
51382,gone-with-the-wind
51383,goodfellas
51385,harry-potter-and-the-half-blood-prince
51386,army-of-darkness
51387,evil-dead-ii
51388,the-evil-dead
51389,braindead-1992
51390,monty-python-and-the-holy-grail
51393,gentlemen-prefer-blondes
51396,fantasia
51397,from-dusk-till-dawn
51398,face-off
51400,v-for-vendetta
51405,shaun-of-the-dead
51407,the-sixth-sense
51408,top-gun
51412,tomorrow-never-dies
51413,the-piano
51414,four-weddings-and-a-funeral
51416,goldeneye
51421,all-about-eve
51422,a-hard-days-night
51423,annie-hall
51424,a-streetcar-named-desire
51428,moonraker
51430,manhattan
51432,the-shining
51433,meet-the-fockers
51434,pink-flamingos
51435,the-spy-who-loved-me
51440,contact
51442,the-man-with-the-golden-gun
51443,diamonds-are-forever
51444,pulp-fiction
51445,aliens
51446,out-of-the-past
51448,pearl-harbor
51449,harry-potter-and-the-order-of-the-phoenix
51450,harry-potter-and-the-goblet-of-fire
51451,harry-potter-and-the-prisoner-of-azkaban
51452,harry-potter-and-the-chamber-of-secrets
51453,harry-potter-and-the-philosophers-stone
51454,oldboy
51456,on-her-majestys-secret-service
51457,you-only-live-twice
51460,twister
51461,saw-iv
51462,la-jetee
51464,thunderball
51466,goldfinger
51467,from-russia-with-love
51469,paris-texas
51470,on-the-waterfront
51471,nosferatu
51474,boyz-n-the-hood
51475,belle-de-jour
51478,dr-no
51480,ai-artificial-intelligence
51481,battleship-potemkin
51482,butch-cassidy-and-the-sundance-kid
51483,requiem-for-a-dream
51484,catch-me-if-you-can-2002
51485,when-harry-met-sally
51486,lost-highway
51487,life-is-beautiful
51490,bridget-joness-diary
51493,sunrise-a-song-of-two-humans
51494,the-wizard-of-oz-1939
51495,the-usual-suspects
51496,interview-with-the-vampire
51497,trainspotting
51498,un-chien-andalou
51500,easy-rider
51501,a-fish-called-wanda
51503,grease
51506,wild-things
51509,wild-strawberries
51511,munich
51512,poltergeist
51513,men-in-black-ii
51514,men-in-black
51516,the-matrix-revolutions
51517,the-matrix-reloaded
51518,the-matrix
51519,independence-day
51520,et-the-extra-terrestrial
51521,full-metal-jacket
51522,sunset-boulevard
51523,city-of-god
51524,titanic-1997
51526,to-kill-a-mockingbird
51527,the-terminal
51528,solaris
51529,the-conversation
51530,the-da-vinci-code
51532,silent-hill
51533,big-fish
51535,monsters-inc
51536,2-fast-2-furious
51537,life-of-brian
51542,jaws
51543,to-die-for
51544,the-wild-bunch
51549,the-birds
51551,apollo-13
51552,rear-window
51553,the-ring-2002
51554,the-mummy-1999
51555,starship-troopers
51556,die-hard
51557,constantine
51559,spider-man-3
51560,spider-man-2
51561,spider-man
51565,dogville
51568,fight-club
51570,rashomon
51573,theres-something-about-mary
51578,psycho
51583,terminator-salvation
51584,wallace-gromit-the-curse-of-the-were-rabbit
51592,the-blues-brothers
51593,casino
51595,ed-wood
51596,dial-m-for-murder
51600,one-flew-over-the-cuckoos-nest
51601,notting-hill
51602,love-actually
51606,monster
51610,reservoir-dogs
51611,cleo-from-5-to-7
51613,the-green-mile
51614,borat-cultural-learnings-of-america-for-make-benefit-glorious-nation-of-kazakhstan
51618,being-john-malkovich
51620,the-seventh-seal
51621,good-will-hunting
51623,wild-at-heart
51629,bonnie-and-clyde
51630,pi
51634,my-own-private-idaho
51636,klute
51640,erin-brockovich
51647,romeo-juliet-1996
51648,a-beautiful-mind
51652,cache
51656,la-dolce-vita
51660,the-day-after-tomorrow
51662,mary-poppins
51664,cube
51666,the-good-the-bad-and-the-ugly
51669,vertigo
51670,ice-age
51671,schindlers-list
51672,the-pianist
51673,8-half
51674,the-life-aquatic-with-steve-zissou
51677,batman-robin
51678,batman-forever
51679,the-chronicles-of-narnia-the-lion-the-witch-and-the-wardrobe
51682,snow-white-and-the-seven-dwarfs
51684,la-haine
51686,the-straight-story
51688,basic-instinct
51689,garden-state
51692,capote
51694,whos-afraid-of-virginia-woolf
51695,avp-alien-vs-predator
51696,kill-bill-vol-2
51698,a-fistful-of-dollars
51700,12-angry-men
51701,inside-man
51704,to-catch-a-thief
51705,rain-man
51706,millers-crossing
51707,raising-arizona
51708,a-nightmare-on-elm-street
51709,batman-returns
51712,the-devil-wears-prada
51714,alien
51716,seven-samurai
51717,eyes-wide-shut
51719,harold-and-maude
51727,once-upon-a-time-in-the-west
51728,magnolia
51731,jurassic-park-iii
51732,the-lost-world-jurassic-park
51733,jurassic-park
51737,mystic-river
51739,insomnia-2002
51740,true-romance
51745,catwoman
51748,once-upon-a-time-in-america
51749,bruce-almighty
51756,notorious
51761,oceans-thirteen
51763,terminator-3-rise-of-the-machines
51769,barton-fink
51770,casablanca
51771,high-noon
51773,pirates-of-the-caribbean-at-worlds-end
51774,the-apartment
51775,strange-days
51776,terminator-2-judgment-day
51777,amadeus
51778,the-shawshank-redemption
51781,fargo
51782,the-silence-of-the-lambs
51784,batman-begins
51787,breathless
51788,batman-1989
51790,contempt
51794,the-king-of-comedy
51796,the-39-steps
51802,king-kong-2005
51803,live-and-let-die
51804,willy-wonka-the-chocolate-factory
51805,ghost
51809,the-killing
51812,king-kong
51813,high-fidelity
51814,the-godfather-part-iii
51815,natural-born-killers
51816,the-godfather-part-ii
51817,some-like-it-hot
51818,the-godfather
51821,stand-by-me
51822,the-cabinet-of-dr-caligari-1920
51827,the-bride-of-frankenstein
51829,the-outsiders
51833,rebecca
51835,rebel-without-a-cause
51838,the-terminator
51839,indiana-jones-and-the-kingdom-of-the-crystal-skull
51840,ali-fear-eats-the-soul
51841,saw-ii
51842,saw-iii
51843,north-by-northwest
51846,dead-poets-society
51850,mean-streets
51855,braveheart
51856,back-to-the-future-part-iii
51858,amelie
51863,sin-city-a-dame-to-kill-for
51865,sin-city
51867,a-clockwork-orange
51868,jackie-brown
51871,minority-report
51875,saw
51881,28-days-later
51882,predator-2
51886,back-to-the-future-part-ii
51887,breakfast-at-tiffanys
51888,oceans-twelve
51889,edward-scissorhands
51890,oceans-eleven-2001
51896,the-dark-knight
51898,lost-in-translation
51902,akira
51904,the-400-blows
51905,crouching-tiger-hidden-dragon
51907,wings-of-desire
51909,brokeback-mountain
51910,donnie-darko
51913,dracula
51914,groundhog-day
51915,freaks
51917,o-brother-where-art-thou
51921,spirited-away
51922,princess-mononoke
51928,the-lord-of-the-rings-the-return-of-the-king
51929,the-lord-of-the-rings-the-two-towers
51930,the-lord-of-the-rings-the-fellowship-of-the-ring
51932,charlie-and-the-chocolate-factory
51933,the-untouchables
51935,the-big-lebowski
51936,pretty-woman
51939,scarface-1983
51940,three-colours-red
51941,three-colours-white
51942,three-colours-blue
51943,snatch
51944,predator
51945,back-to-the-future
51946,run-lola-run
51947,taxi-driver
51949,leon-the-professional
51950,lock-stock-and-two-smoking-barrels
51951,all-about-my-mother
51952,gladiator-2000
51955,armageddon
51957,anatomy-of-a-murder
51960,beverly-hills-cop
51961,indiana-jones-and-the-last-crusade
51962,dirty-dancing
51963,indiana-jones-and-the-temple-of-doom
51965,raiders-of-the-lost-ark
51968,miami-vice
51969,nausicaa-of-the-valley-of-the-wind
51970,before-sunset
51971,hero-2002
51972,blade-runner
51973,memento
51974,before-sunrise
51975,mars-attacks
51976,war-of-the-worlds
51977,american-history-x
51979,million-dollar-baby
51980,walk-the-line
51981,brazil
51984,8-mile
51986,twelve-monkeys
51987,2001-a-space-odyssey
51988,a-history-of-violence
51989,pirates-of-the-caribbean-dead-mans-chest
51994,heat-1995
52501,argo
52504,silence
52506,oz-the-great-and-powerful
52508,pacific-rim
52510,elysium-2013
52512,the-master-2012
52513,iron-man-3
52516,django-unchained
55770,date-night
56522,lincoln
56921,paranormal-activity-3
57292,world-war-z
57368,carnage
57376,ted
57601,jack-and-jill
57622,we-need-to-talk-about-kevin
57801,resident-evil-retribution
58486,prometheus
59281,the-hunger-games
59767,killer-joe
60027,the-lorax-2012
60297,ice-age-the-meltdown
60298,halloween-1978
60299,lawrence-of-arabia
60733,the-grey
61146,kill-list
61707,the-artist
62065,now-you-see-me
62108,oblivion-2013
62238,jack-reacher
62483,shame-2011
62638,the-wolverine
62671,12-years-a-slave
62780,mad-max-fury-road
62822,thor-the-dark-world
62911,the-dictator-2012
62912,hotel-transylvania
63058,avatar-the-way-of-water
63090,texas-chainsaw-3d
63180,chronicle
63236,jupiter-ascending
63462,end-of-watch
63618,paranorman
64393,magic-mike
64427,only-god-forgives
66559,the-impossible
66756,madagascar-3-europes-most-wanted
67639,rise-of-the-guardians
68956,sinister
69064,warm-bodies
69142,how-to-train-your-dragon-2
69144,after-earth
69149,les-miserables-2012
69151,silver-linings-playbook
69154,wreck-it-ralph
69162,gangster-squad
69453,fast-furious-6
69998,cloud-atlas
70105,moonrise-kingdom
70325,youre-next
70666,beasts-of-the-southern-wild
70737,v-h-s
70753,safety-not-guaranteed
70755,room-237
71338,the-perks-of-being-a-wallflower
71927,boyhood
73358,seven-psychopaths
73359,amour
73361,knight-of-cups
73362,noah
73367,inside-llewyn-davis
73371,stoker
73594,terminator-genisys
73649,oldboy-2013
73657,flight
73664,foxcatcher
73944,big-eyes
74228,seeking-a-friend-for-the-end-of-the-world
74348,life-of-pi
74355,movie-43
75322,this-is-40
76504,transformers-age-of-extinction
76658,insidious-chapter-2
77241,bernie-2011
77748,despicable-me-2
78266,the-raid-2011
79787,rush-2013
79893,the-bling-ring
79982,robocop-2014
80198,under-the-skin-2013
80200,the-place-beyond-the-pines
80349,zero-dark-thirty
80950,teenage-mutant-ninja-turtles-2014
81605,avengers-age-of-ultron
81909,captain-america-the-winter-soldier
82488,the-hunger-games-catching-fire
83215,the-amazing-spider-man-2
83424,maleficent
83557,ant-man
83860,ruby-sparks
83863,holy-motors
84051,the-hunt-2012
84119,mud
84812,the-lords-of-salem
85579,the-good-dinosaur
86114,the-wolf-of-wall-street
86991,the-worlds-end
87685,the-counselor
87867,side-effects-2013
87869,grown-ups-2
87873,this-is-the-end
87948,frozen-2013
87949,anchorman-2-the-legend-continues
87953,the-hangover-part-iii
87962,evil-dead
87964,captain-phillips
88488,snowpiercer
90896,pitch-perfect
92160,paddington
92619,the-secret-life-of-walter-mitty-2013
92944,olympus-has-fallen
92952,white-house-down
93676,guardians-of-the-galaxy
94394,dawn-of-the-planet-of-the-apes
95113,the-grand-budapest-hotel
95993,assassins-creed
96083,frances-ha
96109,spring-breakers
96552,the-hobbit-the-battle-of-the-five-armies
96557,about-time
97106,the-act-of-killing
98336,godzilla-2014
99144,alien-covenant
99402,finding-dory
99507,x-men-days-of-future-past
100920,nebraska
101990,the-hunger-games-mockingjay-part-2
101991,the-hunger-games-mockingjay-part-1
102309,mama-2013
102444,before-midnight
103255,carrie-2013
103559,pain-gain
104174,jurassic-world
104996,trolls
104998,the-heat
105183,edge-of-tomorrow
105188,the-lego-movie
106177,don-jon
106262,the-conjuring
106267,were-the-millers
107197,kung-fu-panda-3
107418,star-wars-the-force-awakens
107523,saving-mr-banks
107670,justice-league
110120,muppets-most-wanted
110138,upstream-color
110620,the-double-2013
110740,prisoners
111677,the-way-way-back
112956,the-tale-of-the-princess-kaguya
112957,the-wind-rises
113284,inside-out-2015
113380,cinderella-2015
114563,only-lovers-left-alive
114564,her
114576,blue-is-the-warmest-color
114605,dallas-buyers-club
116825,the-equalizer
117574,fruitvale-station
117581,the-spectacular-now
117583,divergent
117621,interstellar
117629,pet-sematary-2019
117687,oculus
117865,maps-to-the-stars
118110,the-purge
118461,tomorrowland
118532,blackfish
119466,blue-jasmine
123065,fantastic-four
123066,pirates-of-the-caribbean-dead-men-tell-no-tales
123067,how-to-train-your-dragon-the-hidden-world
123402,curse-of-chucky
123475,brooklyn
124133,furious-7
124379,american-hustle
124970,short-term-12-2013
125830,inherent-vice
125947,the-green-inferno
125976,frank-2014
127403,resident-evil-the-final-chapter
129662,big-hero-6
129816,mission-impossible-rogue-nation
130913,the-raid-2
131425,t2-trainspotting
131984,star-wars-the-rise-of-skywalker
131987,star-wars-the-last-jedi
132034,enemy
135120,22-jump-street
135747,blue-ruin
135751,a-million-ways-to-die-in-the-west
136202,star-trek-beyond
137476,american-sniper
138220,palo-alto
139795,birdman-or-the-unexpected-virtue-of-ignorance
140512,neighbors-2014
142248,chappie
142299,begin-again
142549,the-maze-runner
144108,blackhat
144110,crimson-peak
145822,the-man-from-uncle
146780,sharknado
146954,the-imitation-game
147509,predestination
147597,spectre-2015
148200,kingsman-the-secret-service
148998,batman-v-superman-dawn-of-justice
149089,enough-said
149093,ida
149802,locke
149857,gone-girl
150541,minions
151189,what-if-2013
151309,chef
152464,ted-2
153285,fifty-shades-of-grey
155900,coherence
156867,two-days-one-night
157543,the-fault-in-our-stars
157807,slow-west
157841,sausage-party
158174,into-the-woods-2014
158942,non-stop-2014
159006,macbeth-2015
159889,horrible-bosses-2
160371,the-peanuts-movie
160497,fury-2014
160505,the-spongebob-movie-sponge-out-of-water
161002,the-interview-2014
161004,wild
164342,pride-2014
167433,the-purge-anarchy
167502,spy
168860,lucy-2014
169106,a-most-violent-year
169470,the-guest-2014
169623,the-one-i-love-2014
169728,the-babadook
169907,nightcrawler
171082,the-voices
171299,the-skeleton-twins
171384,whiplash-2014
171965,midnight-special
172076,john-wick
172361,tusk-2014
172492,x-men-apocalypse
172537,what-we-do-in-the-shadows
172633,clouds-of-sils-maria
173771,obvious-child
174195,nymphomaniac-volume-ii
174410,the-end-of-the-tour
174688,the-diary-of-a-teenage-girl
174719,the-duke-of-burgundy
174928,creep-2014
174952,annabelle
176053,a-girl-walks-home-alone-at-night
176368,while-were-young
177257,everest-2015
177941,san-andreas
178116,high-rise-2015
178123,the-lobster
178282,pitch-perfect-2
178387,phoenix-2014
180087,as-above-so-below-2014
180414,focus-2015
180982,the-intern-2015
181118,pixels-2015
181208,goosebumps
181937,nymphomaniac-volume-i
181943,a-monster-calls
182142,carol-2015
182910,fantastic-beasts-and-where-to-find-them
183255,the-conjuring-2
184061,incredibles-2
184062,cars-3
184526,black-mass-2015
184879,american-ultra
185970,insurgent
186549,logan-2017
186877,knock-knock-2015
187975,room-2015
187986,ex-machina-2015
188318,magic-mike-xxl
188421,mommy-2014
188434,force-majeure-2014
189557,sisters-2015
190077,the-theory-of-everything-2014
191124,the-bfg-2016
192139,pacific-rim-uprising
192410,zootopia
193554,it-follows
193748,hail-caesar-2016
194402,captain-america-civil-war
194972,love-mercy
194975,trainwreck
196361,the-duff
197012,the-hateful-eight
197628,sicario-2015
198030,selma
198302,daddys-home
198604,joy-2015
198982,king-arthur-legend-of-the-sword
198992,passengers-2016
201041,legend-2015
201340,straight-outta-compton
201793,unfriended
201909,moana-2016
203083,the-jungle-book-2016
205014,insidious-chapter-3
205114,the-lego-movie-2-the-second-part
206671,war-for-the-planet-of-the-apes
207224,the-revenant-2015
207340,the-mummy-2017
208664,miss-peregrines-home-for-peculiar-children
209322,guardians-of-the-galaxy-vol-2
209381,doctor-strange-2016
209382,thor-ragnarok
209383,black-panther
209606,still-alice
209613,goodnight-mommy
211100,the-walk-2015
211511,the-martian
211837,paper-towns
213169,krampus
213190,shazam
216086,the-handmaiden
216301,the-nice-guys
217178,terminator-dark-fate
217531,anomalisa
218051,now-you-see-me-2
218114,dirty-grandpa
218254,richard-jewell
220080,kong-skull-island
220556,the-wailing
220575,deadpool
220838,the-final-girls
221232,maze-runner-the-scorch-trials
221248,petes-dragon-2016
222298,bone-tomahawk
223050,the-boss-baby
223056,everybody-wants-some
223393,me-before-you
223396,bridge-of-spies
223397,vacation-2015
223398,the-night-before-2015
223838,deepwater-horizon
225026,suicide-squad-2016
225027,wonder-woman-2017
225060,aquaman-2018
225437,the-visit-2015
225503,jigsaw-2017
225845,the-flash
226660,avengers-endgame
226661,avengers-infinity-war
226750,captain-marvel
227784,annihilation
227785,dont-breathe-2016
228454,downsizing
228482,the-neon-demon
228594,blonde-2022
228628,toy-story-4
229745,central-intelligence
229981,the-accountant-2016
230808,world-of-tomorrow
230832,demolition
232464,power-rangers
233824,the-danish-girl
234068,the-invitation-2015
234208,southpaw-2015
234814,tangerine
235388,war-dogs-2016
235480,me-and-earl-and-the-dying-girl
235745,dope-2015
236120,mistress-america
237177,the-witch-2015
237378,the-founder
238264,45-years
239260,creed
240068,kubo-and-the-two-strings
240344,la-la-land
241052,green-room
241142,the-lost-city-of-z
241430,spotlight
241920,shin-godzilla
242285,puss-in-boots-the-last-wish
242710,spider-man-homecoming
242901,ghost-in-the-shell-2017
243057,mike-and-dave-need-wedding-dates
243063,the-greatest-showman
243745,the-purge-election-year
245311,the-fundamentals-of-caring
246013,the-big-short
247014,eddie-the-eagle
247121,victoria-2015
247385,dark-phoenix
248318,the-boy-2016
248708,beauty-and-the-beast-2017
248773,steve-jobs
251042,krisha-2015
251661,john-wick-chapter-2
251773,jason-bourne
251872,hacksaw-ridge
251884,a-bigger-splash-2015
251937,the-lego-batman-movie
251940,despicable-me-3
251943,spider-man-into-the-spider-verse
252216,neighbors-2-sorority-rising
252444,hardcore-henry
255661,the-secret-life-of-pets
255900,nerve-2016
255927,the-gift-2015-1
257426,arrival-2016
257540,dumbo-2019
258127,frozen-2
258128,rogue-one-a-star-wars-story
258736,song-to-song
259395,amy-2015
259441,little-women-2019
261108,a-star-is-born-2018
261112,the-shallows
261866,ready-player-one
261891,10-cloverfield-lane
262003,the-magnificent-seven-2016
263204,free-fire
263215,captain-fantastic
263217,the-blackcoats-daughter
263221,manchester-by-the-sea
263222,lion
264328,uncharted-2022
264335,ouija-origin-of-evil
264336,sing-2016
265433,indiana-jones-and-the-dial-of-destiny
265438,venom-2018
265439,blade-runner-2049
265443,transformers-the-last-knight
266070,mustang-2015
266427,american-made
266628,the-fate-of-the-furious
266675,mulan-2020
266676,cruella
267266,elle
268192,hell-or-high-water
268360,hellraiser-2022
268365,fantastic-beasts-the-crimes-of-grindelwald
268366,fantastic-beasts-the-secrets-of-dumbledore
268380,zombieland-double-tap
268383,tomb-raider
268947,cafe-society-2016
268950,baby-driver
268966,loving-2016
269341,baywatch
269358,loving-vincent
269458,valerian-and-the-city-of-a-thousand-planets
269460,colossal-2016
269596,the-new-mutants
269896,american-honey
269898,certain-women
270106,nocturnal-animals
270114,personal-shopper
270177,a-cure-for-wellness
270472,the-belko-experiment
270476,popstar-never-stop-never-stopping
270477,atomic-blonde
270634,fifty-shades-darker
272503,20th-century-women
272646,keanu
273974,kingsman-the-golden-circle
273979,geralds-game
276267,lights-out-2016
276291,the-meg
276819,it-2017
277023,paddington-2
277053,the-girl-on-the-train-2016
277064,barbie
277351,the-predator
277413,swiss-army-man
278668,solo-a-star-wars-story
281394,blair-witch
281529,jurassic-world-fallen-kingdom
281716,death-note-2017
283273,mission-impossible-fallout
283725,the-dark-tower
283778,jumanji-welcome-to-the-jungle
283856,pitch-perfect-3
285509,coco-2017
291419,ford-v-ferrari
291610,three-billboards-outside-ebbing-missouri
292688,the-grinch
293066,suspiria-2018
293465,top-gun-maverick
296341,ant-man-and-the-wasp
301040,sully
305037,battle-of-the-sexes-2017
305363,sing-street
305811,first-man
305964,no-time-to-die-2021
306491,paterson
307230,the-strangers-prey-at-night
307239,hunt-for-the-wilderpeople
307298,the-disaster-artist
307684,your-name
307980,the-snowman-2017
308541,tickled
309107,godzilla-king-of-the-monsters-2019
309555,the-love-witch
310034,toni-erdmann
310199,dunkirk-2017
310705,the-favourite
311120,the-lure
311893,bad-moms
311894,the-edge-of-seventeen
311962,hush-2016
312203,high-life-2018
312204,jackie-2016
312205,moonlight-2016
313310,the-void-2016
313491,the-emoji-movie
314883,space-jam-a-new-legacy
316311,mother-2017
316312,hidden-figures
316315,split-2016
318195,deadpool-2
318913,fast-furious-presents-hobbs-shaw
319409,the-cloverfield-paradox
319550,set-it-up
319927,scoob
320000,f9
320481,fast-x
322110,okja
323609,i-tonya
324575,the-hitmans-bodyguard
326279,lady-bird
326477,murder-on-the-orient-express-2017
327821,cult-of-chucky
327909,my-life-as-a-zucchini
327934,fences-2016
327974,raw-2016
328538,the-florida-project
330220,wind-river-2017
330365,life-2017
330715,mollys-game
330739,the-meyerowitz-stories-new-and-selected
330790,annabelle-creation
330810,under-the-silver-lake
330837,creep-2
330912,train-to-busan
331539,the-autopsy-of-jane-doe
331743,rough-night
332009,thoroughbreds-2017
332432,the-house-that-jack-built-2018
332434,brawl-in-cell-block-99
332437,you-were-never-really-here
333029,call-me-by-your-name
333203,the-irishman-2019
333283,the-beguiled-2017
333294,the-commuter
333308,the-shape-of-water
333310,the-killing-of-a-sacred-deer
333445,logan-lucky
333448,isle-of-dogs-2018
333627,triple-frontier
333654,darkest-hour
333825,godzilla-vs-kong
333832,alita-battle-angel
334305,the-nightingale-2018
334311,bright
335216,bo-burnham-make-happy
335294,sicario-day-of-the-soldado
335322,tully-2018
335345,mary-poppins-returns
335384,phantom-thread
335666,gifted-2017
335959,the-square-2017
336066,widows-2018
336200,mom-and-dad-2017
336555,can-you-ever-forgive-me
336587,thelma-2017
336668,red-sparrow
337565,the-death-of-stalin
337567,oceans-eight
337665,47-meters-down
337899,a-hidden-life-2019
338017,brigsby-bear
338883,ralph-breaks-the-internet
340202,bird-box
340979,insidious-the-last-key
341166,moonfall
341439,better-watch-out
341440,wonder-2017
341754,detroit
341757,a-wrinkle-in-time-2018
342037,13th
343911,over-the-garden-wall-2014
344319,lady-macbeth
345176,i-am-not-your-negro
345928,ingrid-goes-west
348443,mudbound
348456,columbus-2017
348914,the-batman
350384,the-big-sick
351304,scary-stories-to-tell-in-the-dark-2019
351715,wildlife-2018
351745,puss-in-boots
351755,girls-trip
351914,it-comes-at-night
353117,get-out-2017
353273,the-babysitter-2017
353485,ad-astra-2019
353522,disobedience-2017
354251,terrifier-2016
354535,christopher-robin
354538,aladdin-2019
354539,the-lion-king-2019
354541,chip-n-dale-rescue-rangers
356723,the-conjuring-the-devil-made-me-do-it
356950,mass-2021
357526,unicorn-store
357668,apostle-2018
357682,halloween-2018
357826,annette
358222,bohemian-rhapsody
358271,sorry-to-bother-you
358272,bumblebee
359045,i-dont-feel-at-home-in-this-world-anymore
359349,ghostbusters-afterlife
359859,roma-2018
360028,the-miseducation-of-cameron-post
361014,rampage-2018
361719,gods-own-country-2017
361725,a-ghost-story-2017
362361,vox-lux
362362,good-time
362365,vice-2018
362498,the-old-man-the-gun
362977,spider-man-far-from-home
366722,the-ritual-2017
368540,possessor
369179,black-adam
369835,the-suicide-squad
370431,blockers
370451,mid90s
371005,minions-the-rise-of-gru
371378,dune-2021
371464,dragged-across-concrete
371531,overlord-2018
371842,the-nun-2018
372701,happy-death-day
372740,the-sisters-brothers
373018,cold-war-2018
373808,wolfwalkers
374051,the-beach-bum
374885,the-first-purge
376041,leave-no-trace
376355,underwater-2020
378048,game-night
378081,fighting-with-my-family
378473,bad-times-at-the-el-royale
378525,assassination-nation
378601,bacurau
378725,the-post-2017
379194,all-the-money-in-the-world
379565,skyscraper-2018
379626,pokemon-detective-pikachu
379687,a-quiet-place-2018
379711,guardians-of-the-galaxy-vol-3
380638,big-little-lies
381340,love-simon
381831,isnt-it-romantic-2019
382669,glass-2019
383239,jungle-cruise
384058,beautiful-boy-2018
384092,faces-places
384557,twin-peaks
384960,serenity-2019
385389,the-rider
385511,doctor-strange-in-the-multiverse-of-madness
385519,gemini-man-2019
386608,sonic-the-hedgehog
386631,benedetta
386956,the-spy-who-dumped-me
387035,the-kissing-booth
387238,crazy-rich-asians
387909,tag-2018
388129,support-the-girls
388694,hellboy-2019
389079,mary-queen-of-scots-2018
389637,extremely-wicked-shockingly-evil-and-vile
390039,john-wick-chapter-3-parabellum
390139,vivarium
390171,missing-link-2019
390264,mamma-mia-here-we-go-again
390520,us-2019
390610,first-reformed
390652,charlies-angels-2019
391964,long-shot-2019
391980,truth-or-dare-2018
392290,mortal-kombat-2021
392654,mandy-2018
394965,the-peanut-butter-falcon
395374,velvet-buzzsaw
395731,wonder-woman-1984
397578,if-beale-street-could-talk
397859,once-upon-a-time-in-hollywood
397942,to-all-the-boys-ive-loved-before
399180,unsane
399449,revenge-2017
399500,in-the-heights
402879,destroyer-2018
402880,greta-2018
403826,boy-erased
404266,uncut-gems
404352,the-souvenir
405545,it-chapter-two
406001,the-lodge-2019
406106,in-fabric
406775,joker-2019
407206,knife-heart
407855,the-kings-man
410437,men-in-black-international
410958,the-art-of-self-defense-2019
411439,creed-ii
415208,a-simple-favor
418135,blackkklansman
420137,its-such-a-beautiful-day
420450,blindspotting
420451,eighth-grade
420458,three-identical-strangers
420462,shirkers
420467,searching-2018
420471,wont-you-be-my-neighbor
420563,american-animals
420703,green-book
421735,judy-2019
421847,instant-family
422035,burning-2018
422096,at-eternitys-gate
422682,marriage-story-2019
422900,black-mirror-nosedive
424003,dungeons-dragons-honor-among-thieves
424054,twin-peaks-the-return
424348,hereditary
425514,black-mirror-uss-callister
425518,black-mirror-arkangel
425522,black-mirror-hang-the-dj
425523,black-mirror-the-national-anthem
425524,black-mirror-fifteen-million-merits
425695,black-mirror-black-museum
425862,black-mirror-shut-up-and-dance
426131,birds-of-prey-and-the-fantabulous-emancipation-of-one-harley-quinn
426406,parasite-2019
427807,black-widow-2021
427852,enola-holmes
427970,triangle-of-sadness
429945,the-devil-all-the-time
430633,upgrade
430806,im-thinking-of-ending-things
431109,doctor-sleep
431877,a-beautiful-day-in-the-neighborhood
431888,the-mitchells-vs-the-machines
431915,bill-ted-face-the-music
432004,sound-of-metal
432302,the-super-mario-bros-movie
432335,thunder-road-2018
432427,ma-2019
433652,army-of-the-dead-2021
433863,the-lighthouse-2019
434068,the-mule-2018
434482,rocketman-2019
434753,the-king-2019
434803,the-bobs-burgers-movie
434913,death-on-the-nile-2022
434930,unfriended-dark-web
435129,shoplifters
435450,booksmart
435460,black-panther-wakanda-forever
436873,climax-2018
437050,jurassic-world-dominion
438272,onward-2020
438511,soul-2020
438722,luca-2021
438727,turning-red
438751,klaus
439717,6-underground
440263,high-flying-bird
441471,west-side-story-2021
441474,wendell-wild
441475,memoria-2011
441665,crawl-2019
441856,happy-death-day-2u
441858,red-notice
441862,jumanji-the-next-level
441870,honey-boy
443086,one-cut-of-the-dead
443229,always-be-my-maybe-2019
444424,the-hunt-2020
444497,bao-2018
444598,murder-mystery
444600,jojo-rabbit
444617,free-solo
444799,yesterday-2019
445935,antlers
446269,the-empty-man
446612,being-the-ricardos
448445,pain-and-glory
449442,bodies-bodies-bodies
449771,happiest-season
450164,the-woman-in-the-window-2021
450166,her-smell
450337,a-quiet-place-part-ii
450550,annabelle-comes-home
451296,good-boys-2019
451482,cam
451512,the-last-black-man-in-san-francisco
452190,escape-room-2019
452289,the-gentlemen
452600,late-night
453133,prisoners-of-the-ghostland
453958,the-report-2019
454016,eternals
455121,bombshell-2019
456327,morbius
456933,yes-god-yes-2019
457180,raya-and-the-last-dragon
457797,what-did-jack-do
458246,dolemite-is-my-name
458743,the-way-back-2020
459184,the-perfection
459564,midsommar
460044,bad-education-2019
460155,1917
460543,brightburn
460813,eurovision-song-contest-the-story-of-fire-saga
460830,portrait-of-a-lady-on-fire
462573,waves-2019
462799,childs-play-2019
464735,the-dead-dont-die-2019
465649,m3gan
465921,queen-slim
465978,cats-2019
466291,tick-tick-boom-2021
467061,the-ballad-of-buster-scruggs
468403,relic
468556,fantasy-island
468564,zola
469971,hustlers-2019
470369,kajillionaire
470591,passing-2021
471202,gretel-hansel
471207,the-french-dispatch
474471,extraction-2020
474474,everything-everywhere-all-at-once
475032,run-2020
475370,knives-out-2019
475901,the-old-guard-2020
475902,shirley-2020
476490,the-night-house
477313,color-out-of-space
477863,last-christmas-2019
478261,black-mirror-san-junipero
479814,free-guy
480099,the-two-popes
480525,freaky
480529,black-christmas-2019
480875,dark-waters-2019
482701,the-haunting-2018
483008,the-lost-daughter-2021
483951,are-you-there-god-its-me-margaret
484263,guillermo-del-toros-pinocchio
485212,emma-2020
485265,three-thousand-years-of-longing
485309,hamilton-2020
485519,the-trial-of-the-chicago-7
487135,first-cow
488399,the-green-knight
488575,el-camino-a-breaking-bad-movie
493441,candyman-2021
493697,the-farewell-2019
494100,to-all-the-boys-ps-i-still-love-you
494166,the-vast-of-night
494969,shang-chi-and-the-legend-of-the-ten-rings
495969,ready-or-not-2019
496198,the-guilty-2021
496262,fyre-2019
496592,encanto
497631,spider-man-across-the-spider-verse
498044,black-mirror-bandersnatch
499085,the-invisible-man-2020
503402,mission-impossible-dead-reckoning-part-one
503632,on-the-rocks-2020
503889,his-house
503890,saint-maud
504405,the-lovebirds
505000,last-night-in-soho
506032,tenet
506729,those-who-wish-me-dead
506972,bad-trip-2021
507326,reminiscence-2021
507592,the-king-of-staten-island
508037,rrr
508246,another-round
508638,venom-let-there-be-carnage
509662,nomadland
509699,da-5-bloods
510047,promising-young-woman
511342,judas-and-the-black-messiah
512847,between-two-ferns-the-movie
513030,escape-room-tournament-of-champions
513206,after-yang
514329,swallow-2019
514702,i-lost-my-body
515419,the-rental
515467,palm-springs-2020
516192,the-humans
517828,love-and-monsters
518787,fear-street-1994
518788,fear-street-1978
518789,fear-street-1666
519052,the-tragedy-of-macbeth
520171,pleasure-2021
520620,hillbilly-elegy
521323,the-menu-2022
522405,shazam-fury-of-the-gods
523065,never-rarely-sometimes-always
523109,causeway
523229,barb-star-go-to-vista-del-mar
524592,nightmare-alley-2021
524663,the-half-of-it
527671,the-father-2020
527841,the-power-of-the-dog
528780,the-eyes-of-tammy-faye-2021
529203,i-care-a-lot
529529,the-little-things-2021
530071,spiral-from-the-book-of-saw
530882,john-wick-chapter-4
532082,chernobyl
532569,black-mirror-striking-vipers
532579,black-mirror-rachel-jack-and-ashley-too
537194,anima-2019
537228,halloween-kills
538375,the-prom-2020
541425,mank
541998,king-richard
542001,bros
542032,elvis-2022
542449,minari
542465,ma-raineys-black-bottom
542555,nobody-2021
542719,armageddon-time
542727,marry-me-2022
542773,babylon-2022
543002,thor-love-and-thunder
543596,halloween-ends
544380,the-last-duel-2021
544511,hubie-halloween
544936,the-harder-they-fall-2021
545985,the-platform
546347,dont-worry-darling
546348,malignant-2021
546501,deep-water-2022
550049,the-babysitter-killer-queen
551275,the-matrix-resurrections
551400,black-bear
553898,the-assistant-2019
555435,an-american-pickle
555942,the-bad-guys-2022
556553,titane
558054,old-2021
558056,knock-at-the-cabin
558806,cmon-cmon
558956,texas-chainsaw-massacre
560787,spider-man-no-way-home
561763,pig-2021
563017,shithouse
563643,wrath-of-man
565852,the-northman
566237,ant-man-and-the-wasp-quantumania
567547,pieces-of-a-woman
569375,willys-wonderland
569563,the-card-counter
570193,house-of-gucci
572119,scream-2022
572255,dont-look-up-2021
574385,the-unbearable-weight-of-massive-talent
575043,no-sudden-move
575258,renfield
577555,the-wolf-of-snow-hollow
579002,miss-americana
579009,dick-johnson-is-dead
579023,spree-2020
581946,jackass-forever
585258,the-worst-person-in-the-world
586723,glass-onion
586944,one-night-in-miami
588776,censor-2021
588907,terrifier-2
589091,she-dies-tomorrow
589093,shiva-baby-2020
589317,amsterdam-2022
589786,apollo-10-a-space-age-childhood
591931,infinity-pool
598882,the-banshees-of-inisherin
600103,sonic-the-hedgehog-2
601624,creed-iii
605193,flee-2021
606880,where-the-crawdads-sing
609392,tiger-king-murder-mayhem-and-madness
620665,the-adam-project
624070,65
629320,decision-to-leave
629376,hustle-2022
635253,mangrove-2020
636761,evil-dead-rise
639559,spencer-2021
641086,licorice-pizza
641574,lightyear-2022
641961,bullet-train
645487,malcolm-marie
645718,host-2020
647008,the-woman-king
647760,the-gray-man-2022
662656,borat-subsequent-moviefilm
666269,white-noise-2022
668077,the-queens-gambit
668555,asteroid-city
669744,petite-maman
671813,wandavision
671814,the-falcon-and-the-winter-soldier
671815,loki-2021
673474,the-lost-city-2022
677571,the-black-phone
679291,drive-my-car
680358,x-2022
680383,orphan-first-kill
682547,nope
683194,do-revenge
683285,ambulance-2022
683620,red-rocket-2021
686389,prey-2022
686510,see-how-they-run-2022
686855,parallel-mothers
688088,missing-2023
693890,the-guardians-of-the-galaxy-holiday-special
695473,coda-2021
695522,were-all-going-to-the-worlds-fair
696310,women-talking
696630,belfast
699298,men-2022
703478,the-whale-2022
703943,eo
706064,fresh-2022
707114,lamb-2021
709299,bones-and-all
709530,zack-snyders-justice-league
713178,the-fallout
715856,beau-is-afraid
717972,kimi
718296,ticket-to-paradise-2022
721288,the-fabelmans
721333,cocaine-bear
724289,watcher
730798,cha-cha-real-smooth
734096,tar-2022
736318,crimes-of-the-future-2022
739775,bo-burnham-inside
753106,she-said-2022
753678,not-okay
761046,mad-god
777185,emily-the-criminal
781326,marcel-the-shell-with-shoes-on-2021
784328,oppenheimer-2023
784465,resurrection-2022
787181,squid-game
793883,smile-2022
795897,no-hard-feelings-2023
805106,werewolf-by-night
809395,violent-night
819648,barbarian-2022
819863,fire-of-love-2022
833761,weird-the-al-yankovic-story-2022
839244,scream-vi
853822,pearl-2022
868491,air-2023
868558,aftersun
883131,black-mirror-white-christmas
887621,fall-2022
895130,skinamarink
915399,lovers-rock-2020
946607,rye-lane
